ip,total_requests,status_200,status_500,status_504,first_seen,last_seen
209.103.8.44,298272,14573,141684,142015,2024-06-13 10:00:37,2026-06-10 04:17:04
162.240.218.117,298007,14617,141754,141636,2024-06-13 10:02:31,2026-06-10 04:14:00
197.82.237.190,297954,14555,141786,141613,2024-06-13 10:05:39,2026-06-10 04:17:27
215.143.100.205,297861,14849,141614,141398,2024-06-13 10:00:54,2026-06-10 04:15:15
199.242.130.73,297789,14806,141284,141699,2024-06-13 10:00:51,2026-06-10 04:16:31
119.123.55.141,297711,14377,141703,141631,2024-06-13 10:00:41,2026-06-10 04:16:30
148.9.19.27,297518,14500,141356,141662,2024-06-13 10:00:10,2026-06-10 04:17:42
187.91.79.110,297497,14786,141539,141172,2024-06-13 10:00:28,2026-06-10 04:17:15
196.45.2.86,297488,14635,141440,141413,2024-06-13 10:02:55,2026-06-10 04:16:18
199.71.56.65,297431,14662,141340,141429,2024-06-13 10:01:25,2026-06-10 04:17:23
14.121.165.122,297343,14389,141731,141223,2024-06-13 10:00:27,2026-06-10 04:17:24
202.129.225.117,297228,14637,141077,141514,2024-06-13 10:01:08,2026-06-10 04:17:41
211.92.75.1,297161,14359,141839,140963,2024-06-13 10:02:19,2026-06-10 04:17:32
95.125.101.128,297020,14513,141307,141200,2024-06-13 10:00:43,2026-06-10 04:17:05
14.252.124.193,296879,14656,141141,141082,2024-06-13 10:03:20,2026-06-10 04:16:47
80.130.43.26,296862,14527,141199,141136,2024-06-13 10:01:53,2026-06-10 04:17:38
139.94.203.41,296826,14470,141475,140881,2024-06-13 10:02:26,2026-06-10 04:17:38
12.104.185.44,296693,14305,141082,141306,2024-06-13 10:00:20,2026-06-10 04:13:31
131.33.12.73,296029,14452,140656,140921,2024-06-13 10:01:12,2026-06-10 04:17:28
